Introduction, Address, RSS feed, Language, Tags
Shawn, https://mirror.xyz/dao4ever.eth, https://submirror.xyz/dao4ever.eth, CN, DAO
xiakezhang, https://mirror.xyz/0x6E18e69AD6a71Be81b3a00303b1021a7E0021a3A, https://submirror.xyz/0x6E18e69AD6a71Be81b3a00303b1021a7E0021a3A, CN, Web3; DeFi
lianjinshu, https://mirror.xyz/0x189E6A62c37f8d5A8f01f023A77175439e8124ce, https://submirror.xyz/0x189E6A62c37f8d5A8f01f023A77175439e8124ce, CN, Web3; DeFi; GameFi
Vincent, https://mirror.xyz/vniu.eth, https://submirror.xyz/vniu.eth, CN, DeFi; GameFi
ChessMaster2077, https://mirror.xyz/chessmaster2077.eth, https://submirror.xyz/chessmaster2077.eth, CN, Web3; NFT
深潮 TechFlow, https://mirror.xyz/0x4e8F1cf9a9dDCAdeE3340daDA2CbA5508D340B4E, https://submirror.xyz/0x4e8F1cf9a9dDCAdeE3340daDA2CbA5508D340B4E, CN, Web3; DeFi; 媒体
屎币日报 ShitcoinDaily, https://mirror.xyz/shitcoindaily.eth, https://submirror.xyz/shitcoindaily.eth, CN, Web3
0xTodd, https://mirror.xyz/0x17f3F81860345567482E1D232FB5B6f8bD77f3Bd, https://submirror.xyz/0x17f3F81860345567482E1D232FB5B6f8bD77f3Bd, CN, Web3; DeFi; DAO
DFarm, https://mirror.xyz/dfarm.eth, https://submirror.xyz/dfarm.eth, CN, Web3; DeFi
CAOYIN, https://mirror.xyz/0x357AD9662364AeD7316ACBdbC76A193983E7c731, https://submirror.xyz/0x357AD9662364AeD7316ACBdbC76A193983E7c731, CN, Web3; NFT
Mirror Curator DAO, https://mcdao.mirror.xyz/, https://mcdao.submirror.xyz/, CN, DAO
MaoDAO Research, https://mirror.xyz/0x21b08A87A98e7F242038810aa4227d6BEC5A762c, https://submirror.xyz/0x21b08A87A98e7F242038810aa4227d6BEC5A762c, CN, DAO
ksintmelody, https://mirror.xyz/0xc19be75B8B9152d884987e1B58b3F18A94875396, https://submirror.xyz/0xc19be75B8B9152d884987e1B58b3F18A94875396, CN, Web3; DeFi; NFT; Crypto
DaPangDunBTC, https://mirror.xyz/0x0F9C6A9d8f9729aB07b5b2B870Ce8122E76708b0, https://submirror.xyz/0x0F9C6A9d8f9729aB07b5b2B870Ce8122E76708b0, CN, IEO; 交易所
BBNews, https://mirror.xyz/0x21955b6635b67B19Ee0472b8a4Ac4E1d89521cbe, https://submirror.xyz/0x21955b6635b67B19Ee0472b8a4Ac4E1d89521cbe, CN, Web3; DeFi; 媒体
kirio.eth, https://mirror.xyz/kirio.eth, https://submirror.xyz/kirio.eth, CN, Web3; DeFi; 公链; 以太坊; 空投
amey, https://mirror.xyz/0x81910c6FD8bA1A67367aA9cA30101c61ce1a30e0, https://submirror.xyz/0x81910c6FD8bA1A67367aA9cA30101c61ce1a30e0, CN, Web3; DeFi; 空投
Rocket_ZZ, https://mirror.xyz/nbblockchain.eth, https://submirror.xyz/nbblockchain.eth, CN, Web3; DeFi; 空投
SmartDAO, https://mirror.xyz/0xAE623c8B158C3dF75b4f0f3886cA36b49b72f3e9, https://submirror.xyz/0xAE623c8B158C3dF75b4f0f3886cA36b49b72f3e9, CN, DAO
sorosdegen, https://mirror.xyz/0xsoros.eth, https://submirror.xyz/0xsoros.eth, CN, Web3; DeFi; DAO
马蹄橘子, https://mirror.xyz/0x410a0887cC91cCf1e8Db56422b9a5D8B078c2200, https://submirror.xyz/0x410a0887cC91cCf1e8Db56422b9a5D8B078c2200, CN, Web3; DeFi
W3.Hitchhiker, https://mirror.xyz/0xE43a21Ee76b591fe6E479da8a8a388FCfea6F77F, https://submirror.xyz/0xE43a21Ee76b591fe6E479da8a8a388FCfea6F77F, CN, Web3; 教程; Arweave
K~Erica, https://k.mirror.xyz/, https://k.submirror.xyz/, CN, Web3; DeFi; GameFi
RJ, https://mirror.xyz/0xAEa29c04E32EBCE118ea8cee975a3317190cCCdd, https://submirror.xyz/0xAEa29c04E32EBCE118ea8cee975a3317190cCCdd, CN, Web3; 教程; Arweave
raccooncrypto.eth, https://mirror.xyz/raccooncrypto.eth, https://submirror.xyz/raccooncrypto.eth, CN, Web3; DeFi; DAO
夜思晨, https://mirror.xyz/0x3D1163E402eC0c0F58297E1e88Bd992b729eE520, https://submirror.xyz/0x3D1163E402eC0c0F58297E1e88Bd992b729eE520, CN, 公链; Cosmos
BTCdayu, https://mirror.xyz/btcdayu.eth, https://submirror.xyz/btcdayu.eth, CN, Web3; DeFi; DAO; PEOPLE
郭宇, https://mirror.xyz/guoyu.eth, https://submirror.xyz/guoyu.eth, CN, Web3; NFT
Bitcoin fix this, https://mirror.xyz/0x5fa5381ade2eeC5459ce93af57b5feE7d63E6831, https://submirror.xyz/0x5fa5381ade2eeC5459ce93af57b5feE7d63E6831, CN, Bitcoin
a10.eth, https://mirror.xyz/a10.eth, https://submirror.xyz/a10.eth, CN, DeFi
NextDAO, https://mirror.xyz/nextdao.eth, https://submirror.xyz/nextdao.eth, CN, DAO
chaojijun, https://mirror.xyz/0x90c73B046474Ca1F7b06c60D913C1a97DbE2f08c, https://submirror.xyz/0x90c73B046474Ca1F7b06c60D913C1a97DbE2f08c, CN, DeFi; Web3
0x_LongForShort, https://mirror.xyz/shiyuan.eth, https://submirror.xyz/shiyuan.eth, CN, NFT
0x2046, https://mirror.xyz/0x2c64dA7097533DB7a585ee62CDE17CAE0bCb2046, https://submirror.xyz/0x2c64dA7097533DB7a585ee62CDE17CAE0bCb2046, CN, Web3; ENS
zhanglabs, https://mirror.xyz/wangzhan.eth, https://submirror.xyz/wangzhan.eth, CN, Web3; ENS
avc, https://avc.mirror.xyz/, https://avc.submirror.xyz/, EN, Web3; DeFi; Crypto
msfew, https://mirror.xyz/msfew.eth, https://submirror.xyz/msfew.eth, EN, Web3; DeFi
Linda Xie, https://linda.mirror.xyz/, https://linda.submirror.xyz/, EN, Web3; DeFi; DAO
Kurt Pan, https://mirror.xyz/suzuha.eth, https://submirror.xyz/suzuha.eth, CN, 区块链; 密码学; Web3
0xShangdidi, https://mirror.xyz/shangdidi.eth, https://submirror.xyz/shangdidi.eth, CN, Web3; DAO
shrimpwen.eth, https://mirror.xyz/shrimpwen.eth, https://submirror.xyz/shrimpwen.eth, CN, NFT
Connifer, https://mirror.xyz/0xbADE3C320B07Ae2f75e23E237E22Ec92684e0d9a, https://submirror.xyz/0xbADE3C320B07Ae2f75e23E237E22Ec92684e0d9a, CN, DAO
Mint Ventures, https://mirror.xyz/mintventures.eth, https://submirror.xyz/mintventures.eth, CN, Web3; DeFi; DAO; 投研
DarkCrypto, https://mirror.xyz/pushdoge.eth, https://submirror.xyz/pushdoge.eth, CN, Web3
quentangle, https://mirror.xyz/0xABae923874F05e922A22932d8d2117ffE627212d, https://submirror.xyz/0xABae923874F05e922A22932d8d2117ffE627212d, CN, Web3; 以太坊
链上达人, https://mirror.xyz/0x5b197E3eE6770518f6F2735274522F48aBd69864, https://submirror.xyz/0x5b197E3eE6770518f6F2735274522F48aBd69864, CN, Web3; NFT
DAO Community, https://mirror.xyz/0x39eC45d1445d9bDCd3A04238464b9F486C6Ac748, https://submirror.xyz/0x39eC45d1445d9bDCd3A04238464b9F486C6Ac748, CN, DAO
0xc952, https://mirror.xyz/0xc952fE149b640097054CFa53cAf7aC2bfd0162C5, https://submirror.xyz/0xc952fE149b640097054CFa53cAf7aC2bfd0162C5, CN, Web3; ENS
zephyr, https://mirror.xyz/zephyrzj.eth, https://submirror.xyz/zephyrzj.eth, CN, Web3; NFT
cwweb3, https://mirror.xyz/0x21C4952BC587CFF830B8E6BF16Bd0352A97a91a7, https://submirror.xyz/0x21C4952BC587CFF830B8E6BF16Bd0352A97a91a7, CN, Web3; DAO
Shawn Sun, https://mirror.xyz/0xEBAb6258F50089872F98fFb459A524e6a3108274, https://submirror.xyz/0xEBAb6258F50089872F98fFb459A524e6a3108274, CN, NFT
0x505a, https://mirror.xyz/0x505a3436B1Bb13a45F2c71a55799D3396eCb0d66, https://submirror.xyz/0x505a3436B1Bb13a45F2c71a55799D3396eCb0d66, CN, Web3
幣圈躺著賺, https://mirror.xyz/homepod.eth, https://submirror.xyz/homepod.eth, CN, DeFi
ShillBoard.xyz, https://mirror.xyz/diloco.eth, https://submirror.xyz/diloco.eth, EN, DeFi
Friends With Benefits, https://fwb.mirror.xyz/, https://fwb.submirror.xyz/, EN, DeFi; SocialFi
DropList, https://mirror.xyz/droplist.eth, https://submirror.xyz/droplist.eth, EN, DeFi
Haole, https://haole.mirror.xyz/, https://haole.submirror.xyz/, EN, Web3
jackofcrypto, https://mirror.xyz/jackofcrypto.eth, https://submirror.xyz/jackofcrypto.eth, EN, Ethereum; Solidity
rbarniker, https://mirror.xyz/barniker.eth, https://submirror.xyz/barniker.eth, EN, NFT
LongHash Ventures, https://mirror.xyz/0x51999aC353335d7eF96BfF16570B7Af8F9A66474, https://submirror.xyz/0x51999aC353335d7eF96BfF16570B7Af8F9A66474, EN, Web3; 投研
Orca Protocol, https://orca.mirror.xyz/, https://orca.submirror.xyz/, EN, DAO
itamarg, https://mirror.xyz/itamarg.eth, https://submirror.xyz/itamarg.eth, EN, DAO
Frei Bier, https://mirror.xyz/0x840c6272087D207250d3f8b491a2B1D1B66e45B1, https://submirror.xyz/0x840c6272087D207250d3f8b491a2B1D1B66e45B1, EN, Blockchain
totlsota.eth, https://mirror.xyz/totlsota.eth, https://submirror.xyz/totlsota.eth, EN, 以太坊
Cryptogram Venture FOF, https://mirror.xyz/0xc767778E9B7841C029966f05B9762d3342e0510A, https://submirror.xyz/0xc767778E9B7841C029966f05B9762d3342e0510A, EN, 投研
kroos.eth, https://mirror.xyz/kroos.eth, https://submirror.xyz/kroos.eth, EN, 以太坊
WhaleRoom.org, https://mirror.xyz/0xa33Ab851B66Ba240A8F8709212a9002B268AA559, https://submirror.xyz/0xa33Ab851B66Ba240A8F8709212a9002B268AA559, EN, Web3
jmo, https://mirror.xyz/jmo.eth, https://submirror.xyz/jmo.eth, EN, DAO
Rayyan, https://mirror.xyz/0x7A452e69407478DE858F6eF741a4648641285490, https://submirror.xyz/0x7A452e69407478DE858F6eF741a4648641285490, EN, Layer2
Anett, https://anett.mirror.xyz/, https://anett.submirror.xyz/, EN, NFT
OpenSourced.finance, https://mirror.xyz/guill.eth, https://submirror.xyz/guill.eth, EN, Web3
Zach Miller, https://mirror.xyz/zachmiller.eth, https://submirror.xyz/zachmiller.eth, EN, NFT
Salil Naik, https://mirror.xyz/0xF75aAa99e6877fA62375C37c343c51606488cd08, https://submirror.xyz/0xF75aAa99e6877fA62375C37c343c51606488cd08, EN, Web3
Twoplus, https://mirror.xyz/0x09362a31a90F01E18bB4a7B16Bc82796E8B79a7e, https://submirror.xyz/0x09362a31a90F01E18bB4a7B16Bc82796E8B79a7e, EN, DAO
VÉRITÉ, https://mirror.xyz/verite.eth, https://submirror.xyz/verite.eth, EN, Web3
Lee Martin, https://mirror.xyz/leemartin.eth, https://submirror.xyz/leemartin.eth, EN, NFT
Cavin, https://mirror.xyz/cavin.eth, https://submirror.xyz/cavin.eth, CN, Web3
Zain Immortal Khan, https://mirror.xyz/zainkhan.eth, https://submirror.xyz/zainkhan.eth, EN,  NFT
EthereumCN, https://mirror.xyz/ethereumcn.eth, https://submirror.xyz/ethereumcn.eth, CN, 以太坊
David Cai, https://mirror.xyz/0x56706F118e42AE069F20c5636141B844D1324AE1, https://submirror.xyz/0x56706F118e42AE069F20c5636141B844D1324AE1, CN, 以太坊; DeFi
搓枣师傅, https://mirror.xyz/momoswap.eth, https://submirror.xyz/momoswap.eth, CN, Web3
ranbuta, https://mirror.xyz/ranbuta.eth, https://submirror.xyz/ranbuta.eth, EN, Web3
Pact Collective, https://mirror.xyz/pactcollective.eth, https://submirror.xyz/pactcollective.eth, EN, Web3
Varras, https://mirror.xyz/varras.eth, https://submirror.xyz/varras.eth, EN, NFT
Alice Peng, https://mirror.xyz/0x935B9Ddf44EC1E1b3A79473965aef9EaD37dA79a, https://submirror.xyz/0x935B9Ddf44EC1E1b3A79473965aef9EaD37dA79a, CN, Web3
Chibin, https://mirror.xyz/chibingmi.eth, https://submirror.xyz/chibingmi.eth, CN, Web3; DeFi
Aave News, https://aavegrants.mirror.xyz/, https://aavegrants.submirror.xyz/, EN, DeFi
Madhavan Malolan, https://mirror.xyz/madhavanmalolan.eth, https://submirror.xyz/madhavanmalolan.eth, EN, Web3
by, https://mirror.xyz/0x455E0e9d8b0c0541F4f26ECeec2Ea54504e9b4C9, https://submirror.xyz/0x455E0e9d8b0c0541F4f26ECeec2Ea54504e9b4C9, CN, DeFi; Terra
DCSaxton, https://mirror.xyz/saxton.eth, https://submirror.xyz/saxton.eth, EN, Web3
wong2, https://wong2.mirror.xyz/, https://wong2.submirror.xyz/, CN, Web3
Dayima, https://mirror.xyz/rolexpunks.eth, https://submirror.xyz/rolexpunks.eth, CN, Web3; NFT
多多加密日记, https://mirror.xyz/fdd.eth, https://submirror.xyz/fdd.eth, CN, Web3; Crypto
星火DAO, https://mirror.xyz/0x731367992634bBd7782a468cB9036D0700639830, https://submirror.xyz/0x731367992634bBd7782a468cB9036D0700639830, CN, DAO
Thomas Koutsaplis, https://mirror.xyz/koutsaplis.eth, https://submirror.xyz/koutsaplis.eth, EN, Web3
Cryptouf, https://mirror.xyz/cryptouf.eth, https://submirror.xyz/cryptouf.eth, EN, DAO
Jongho Daniel Park, https://mirror.xyz/0x80628BC93cC2b8a11043eEe455Cbf8981DB1195F, https://submirror.xyz/0x80628BC93cC2b8a11043eEe455Cbf8981DB1195F, EN, Web3
syshen, https://mirror.xyz/0x956f206BF42B6FCEacacBEb759Bc234921B55eCf, https://submirror.xyz/0x956f206BF42B6FCEacacBEb759Bc234921B55eCf, CN, Web3
Musashi, https://mirror.xyz/0x6b872e9Ae3D38F2c5b79320366ec6173D327213b, https://submirror.xyz/0x6b872e9Ae3D38F2c5b79320366ec6173D327213b, EN, Web3
DAO Masters, https://mirror.xyz/daomstr.eth, https://submirror.xyz/daomstr.eth, EN, DAO
Oxaciano, https://mirror.xyz/0x9Ed6749B5e99059f57f516832982f4E2a212bBf8, https://submirror.xyz/0x9Ed6749B5e99059f57f516832982f4E2a212bBf8, EN, GameFi
SuperRare, https://superrare.mirror.xyz, https://superrare.submirror.xyz, EN, NFT
Mirror Club, https://mclub.mirror.xyz, https://mclub.submirror.xyz, EN, Mirror
crisgarner.eth, https://mirror.xyz/crisgarner.eth, https://submirror.xyz/crisgarner.eth, EN, Web3; DeFi
Tom, https://mirror.xyz/tomborgers.eth, https://submirror.xyz/tomborgers.eth, EN, 以太坊
lorenhuang.eth, https://mirror.xyz/lorenhuang.eth, https://submirror.xyz/lorenhuang.eth, CN, DeFi
Vriti Saraf, https://mirror.xyz/0xb3C5DB4b191F7f42ed1e12FCe181300721Dee774, https://submirror.xyz/0xb3C5DB4b191F7f42ed1e12FCe181300721Dee774, EN, DeFi
CityDAO, https://city.mirror.xyz, https://city.submirror.xyz, EN, DAO
Daeshawn.eth, https://mirror.xyz/daeshawn.eth, https://submirror.xyz/daeshawn.eth, EN, Web3
mikelightz, https://mirror.xyz/mikelightz.eth, https://submirror.xyz/mikelightz.eth, EN, NFT
lisawocken, https://mirror.xyz/0x74c02fE52A544d3d1775796A9037cE560C40f581, https://submirror.xyz/0x74c02fE52A544d3d1775796A9037cE560C40f581, EN, DAO
b_sconeboy, https://mirror.xyz/bscone.eth, https://submirror.xyz/bscone.eth, EN, Web3
Hebao, https://mirror.xyz/0xe1fa2F90618b2e37e03D6C8fbE19AdC68714782F, https://submirror.xyz/0xe1fa2F90618b2e37e03D6C8fbE19AdC68714782F, CN, DeFi
CHENHUI, https://mirror.xyz/bttb.eth, https://submirror.xyz/bttb.eth, CN, Web3
ChainCatcher 链捕手, https://mirror.xyz/0x8C4d5E90196325FB22Fff37C97D7984a37e51D11, https://submirror.xyz/0x8C4d5E90196325FB22Fff37C97D7984a37e51D11, CN, Web3; DeFi; 媒体
Layer3, https://mirror.xyz/0x7B0befc5B043148Cd7bD5cFeEEf7BC63D28edEC0, https://submirror.xyz/0x7B0befc5B043148Cd7bD5cFeEEf7BC63D28edEC0, EN, Web3
0xEvan, https://mirror.xyz/0x829Ceb00fC74bD087b1e50d31ec628a90894cD52, https://submirror.xyz/0x829Ceb00fC74bD087b1e50d31ec628a90894cD52, EN, DeFi
Intel Chen, https://mirror.xyz/0x803a0261275d30C7Ab5EAA37F47fD044c5c633Bb, https://submirror.xyz/0x803a0261275d30C7Ab5EAA37F47fD044c5c633Bb, EN, DeFi
Nimrod Kamer, https://mirror.xyz/nnimrodd.eth, https://submirror.xyz/nnimrodd.eth, EN, NFT
Decoin Research Institute, https://mirror.xyz/dere.eth, https://submirror.xyz/dere.eth, CN, Web3; Cosmos; 投研
axwells.eth, https://mirror.xyz/0x257aF56D3389070f0Bd98Ab29829b12282Dae855, https://submirror.xyz/0x257aF56D3389070f0Bd98Ab29829b12282Dae855, CN, Web3; DeFi
Fat Garage, https://mirror.xyz/0x65a0Af703047dfDd270361659d02f4f0E8547202, https://submirror.xyz/0x65a0Af703047dfDd270361659d02f4f0E8547202, CN, DeFi
owenzhang, https://mirror.xyz/0x29Faeb62f4e9E1456c2fEED5c6f27B13Fae91Dae, https://submirror.xyz/0x29Faeb62f4e9E1456c2fEED5c6f27B13Fae91Dae, CN, DeFi; Nansen
头雁区块链, https://mirror.xyz/0xab722fcb8902c3B98c622db66E0b3247F7691eCA, https://submirror.xyz/0xab722fcb8902c3B98c622db66E0b3247F7691eCA, CN, DeFi; Web3
上官博玉, https://mirror.xyz/0xfAd631c21cD293eE714b56198182817ba768B158, https://submirror.xyz/0xfAd631c21cD293eE714b56198182817ba768B158, CN, DeFi; Web3
Xing, https://mirror.xyz/0x8eC46A6d1AFda45f5A334Fe85016FB39D9D8Caee, https://submirror.xyz/0x8eC46A6d1AFda45f5A334Fe85016FB39D9D8Caee, CN, DeFi; Web3; NFT
ColorEye, https://mirror.xyz/0xb756cb53cBB0F34ccE7Ab4b848C886b99f82764B, https://submirror.xyz/0xb756cb53cBB0F34ccE7Ab4b848C886b99f82764B, CN, DeFi; Web3; NFT
BlocChainTeahouse, https://mirror.xyz/chainhouse.eth, https://submirror.xyz/chainhouse.eth, CN, Web3; DeFi
Weilgre, https://mirror.xyz/0xd10c3aCeB306eA9A2F5494d81F411d33F1ef9975, https://submirror.xyz/0xd10c3aCeB306eA9A2F5494d81F411d33F1ef9975, CN, NFT; DAO
oic.eth, https://mirror.xyz/oic.eth, https://submirror.xyz/oic.eth, CN, Web3
happmaoo, https://mirror.xyz/readmore.eth, https://submirror.xyz/readmore.eth, CN, Web3
Ori Valderrama, https://mirror.xyz/0x0ed18e07F41dc48871Ec2193324669F3db0037fb, https://submirror.xyz/0x0ed18e07F41dc48871Ec2193324669F3db0037fb, EN, Web3
ryangtanaka.eth, https://mirror.xyz/ryangtanaka.eth, https://submirror.xyz/ryangtanaka.eth, EN, Web3
PubDAO, https://pubdao.mirror.xyz/, https://pubdao.submirror.xyz/, EN, Web3
lightbird.eth, https://mirror.xyz/lightbird.eth, https://submirror.xyz/lightbird.eth, CN, Web3
秃 GaoFlynn, https://mirror.xyz/cryptolunatic.eth, https://submirror.xyz/cryptolunatic.eth, CN, DeFi
Staq - short crypto articles, https://mirror.xyz/doorvesh.eth, https://submirror.xyz/doorvesh.eth, EN, Web3
Fab, https://mirror.xyz/fabrizio.eth, https://submirror.xyz/fabrizio.eth, EN, DAO; Web3
0x9C65, https://mirror.xyz/0x9C65AC91C38598D95099068C0634a5d3276de51c, https://submirror.xyz/0x9C65AC91C38598D95099068C0634a5d3276de51c, EN, NFT
Michaelg.eth, https://mirror.xyz/michaelg.eth, https://submirror.xyz/michaelg.eth, EN, NFT
Almond, https://mirror.xyz/almndbtr.eth, https://submirror.xyz/almndbtr.eth, EN, Web3
Teji, https://mirror.xyz/teji.eth, https://submirror.xyz/teji.eth, EN, NFT
0x8477, https://mirror.xyz/0x8477981dbd957ae4c6a249544E43915218948404, https://submirror.xyz/0x8477981dbd957ae4c6a249544E43915218948404, CN, DAO; Web3; Crypto
camoufly, https://mirror.xyz/camoufly.eth, https://submirror.xyz/camoufly.eth, EN, NFT
Scott Martinez, https://mirror.xyz/scottmartinez.eth, https://submirror.xyz/scottmartinez.eth, EN, Web3
cgunn, https://mirror.xyz/cgunn.eth, https://submirror.xyz/cgunn.eth, EN, NFT
Sam Hysell, https://mirror.xyz/samhysell.eth, https://submirror.xyz/samhysell.eth, EN, NFT
Taipei Ethereum Meetup, https://ethtaipei.mirror.xyz/, https://ethtaipei.submirror.xyz/, CN, Web3; 以太坊; DeFi
metabody, https://mirror.xyz/0x69d24494328051C3F3ee0480D593E6722Eaf5869, https://submirror.xyz/0x69d24494328051C3F3ee0480D593E6722Eaf5869, CN, Web3
Snapshot Labs, https://mirror.xyz/shot.eth, https://submirror.xyz/shot.eth, EN, DeFi
Alexandra Sukin, https://mirror.xyz/alexandrasukin.eth, https://submirror.xyz/alexandrasukin.eth, EN, Web3
Josh Stark, https://stark.mirror.xyz/, https://stark.submirror.xyz/, EN, 以太坊
0x9f9f, https://mirror.xyz/0x9f9f98e28456EEEFC4Af1c990a170e2B0D2d6027, https://submirror.xyz/0x9f9f98e28456EEEFC4Af1c990a170e2B0D2d6027, EN, Web3
Trent Lee, https://mirror.xyz/tookmymoney.eth, https://submirror.xyz/tookmymoney.eth, CN, Web3
创业会计佬 h 的学习笔记, https://mirror.xyz/0x5a18682ed5E56Cb026c39ba216592B76ceAe5887, https://submirror.xyz/0x5a18682ed5E56Cb026c39ba216592B76ceAe5887, CN, Web3
0x8D07, https://mirror.xyz/0x8D07CFb29762A7561f004D042DDd47648640B23f, https://submirror.xyz/0x8D07CFb29762A7561f004D042DDd47648640B23f, CN, 以太坊
Sunny He, https://mirror.xyz/0x9E537Cb5D5c86CC1F2679c030b3605b59DF54426, https://submirror.xyz/0x9E537Cb5D5c86CC1F2679c030b3605b59DF54426, CN, 投研; Web3
Jack Wang, https://mirror.xyz/0xCb400e59f2aF1eC2f8c224f6b011983751ea2E7e, https://submirror.xyz/0xCb400e59f2aF1eC2f8c224f6b011983751ea2E7e, EN, Web3
加密菩提, https://mirror.xyz/0xd83256a8BB182e7BE2382550Ed24861C71108d35, https://submirror.xyz/0xd83256a8BB182e7BE2382550Ed24861C71108d35, CN, Web3
DeFieye, https://mirror.xyz/0x112E372bb5EC17c1ea6b1d679EA72aFBD2A94404, https://submirror.xyz/0x112E372bb5EC17c1ea6b1d679EA72aFBD2A94404, CN, DeFi; Web3
Foresight News, https://mirror.xyz/foresightnews.eth, https://submirror.xyz/foresightnews.eth, CN, DeFi; Web3
NEON DAO, https://mirror.xyz/0x4AC39B087D0907DB171E1Cf52fD4120952389FC5, https://submirror.xyz/0x4AC39B087D0907DB171E1Cf52fD4120952389FC5, EN, DAO
ThreeThousandThirty, https://mirror.xyz/0x5560522b72C4Ab7F71f15adDa474B0e6cCB194eD, https://submirror.xyz/0x5560522b72C4Ab7F71f15adDa474B0e6cCB194eD, EN, Web3
jakepimental.eth, https://mirror.xyz/jakepimental.eth, https://submirror.xyz/jakepimental.eth, EN, DeFi
Arbestor Dinggleback, https://mirror.xyz/arbestor.eth, https://submirror.xyz/arbestor.eth, EN, NFT
dd0sxx, https://mirror.xyz/dd0sxx.eth, https://submirror.xyz/dd0sxx.eth, EN, DeFi; NFT
mattdesl, https://mirror.xyz/mattdesl.eth, https://submirror.xyz/mattdesl.eth, EN, NFT
LazzarEnne, https://mirror.xyz/0x0161d1Cc10116bb2a073A0c293d5E4F1a97A00b6, https://submirror.xyz/0x0161d1Cc10116bb2a073A0c293d5E4F1a97A00b6, EN, NFT
CryptoStats, https://mirror.xyz/cryptostats.eth, https://submirror.xyz/cryptostats.eth, EN, 数据
Brett, https://mirror.xyz/0xe8cbCf4AB8aEf17742eF204c557b3050E8f992C3, https://submirror.xyz/0xe8cbCf4AB8aEf17742eF204c557b3050E8f992C3, EN, DAO
深潮 TechFlow, https://mirror.xyz/0x0E58bB9795a9D0F065e3a8Cc2aed2A63D6977d8A, https://submirror.xyz/0x0E58bB9795a9D0F065e3a8Cc2aed2A63D6977d8A, CN, 媒体; 投研
WarpSound, https://mirror.xyz/warpsound.eth, https://submirror.xyz/warpsound.eth, EN, Web3
Upshot, https://mirror.xyz/0x82FE4757D134a56BFC7968A0f0d1635345053104, https://submirror.xyz/0x82FE4757D134a56BFC7968A0f0d1635345053104, EN, NFT
Dylan Olivia Hunzeker, https://mirror.xyz/0x38050A922eEFc7138E2D39082019908EA1D04a7A, https://submirror.xyz/0x38050A922eEFc7138E2D39082019908EA1D04a7A, EN, Web3
DOOMSDAYX, https://mirror.xyz/doomsdayx.eth, https://submirror.xyz/doomsdayx.eth, EN, Web3; NFT
gem.xyz, https://mirror.xyz/0x4247c65610972d04Ca221bcc64Ff35F50c26E0F6, https://submirror.xyz/0x4247c65610972d04Ca221bcc64Ff35F50c26E0F6, EN, Metaverse
_0xken, https://mirror.xyz/0xF36f242CE662b9fe44A203924B6b965e1d5a1B48, https://submirror.xyz/0xF36f242CE662b9fe44A203924B6b965e1d5a1B48, EN, NFT
Rabia Fatima, https://mirror.xyz/0xD09934912F8D22803465c733C0fDcA00FD384c62, https://submirror.xyz/0xD09934912F8D22803465c733C0fDcA00FD384c62, EN, 以太坊
Jonas1997, https://mirror.xyz/0x31Ae182A31Bb2c3cfd9e2E3732cc53f7606FB773, https://submirror.xyz/0x31Ae182A31Bb2c3cfd9e2E3732cc53f7606FB773, CN, NFT; DeFi
Keegan小钢, https://mirror.xyz/0x546086AfA3D285aCD2c84783c2dCf8F2C23b6433, https://submirror.xyz/0x546086AfA3D285aCD2c84783c2dCf8F2C23b6433, CN, DeFi
Station Newstand, https://station.mirror.xyz/, https://station.submirror.xyz/, EN, Web3
joaxap, https://mirror.xyz/joaxap.eth, https://submirror.xyz/joaxap.eth, EN, DAO
Tribute Labs, https://mirror.xyz/0xF44E60285F1ee1df008f39AB9201864444188197, https://submirror.xyz/0xF44E60285F1ee1df008f39AB9201864444188197, EN, DAO
Jhamar, https://mirror.xyz/0xFC965f2075077Ee54B59aFb3B16780C1Cba0d22F, https://submirror.xyz/0xFC965f2075077Ee54B59aFb3B16780C1Cba0d22F, EN, Web3
KYMXÅ, https://mirror.xyz/kymxa.eth, https://submirror.xyz/kymxa.eth, EN, Web3
watchensee, https://mirror.xyz/watchensee.eth, https://submirror.xyz/watchensee.eth, EN, Web3
Coopahtroopa, https://coopahtroopa.mirror.xyz/, https://coopahtroopa.submirror.xyz/, EN, NFT; Web3
wen brand, https://mirror.xyz/wenbrand.eth, https://submirror.xyz/wenbrand.eth, EN, NFT
DeepDAO, https://mirror.xyz/deepdao.eth, https://submirror.xyz/deepdao.eth, EN, DAO
SerenaYu, https://mirror.xyz/serenayu.eth, https://submirror.xyz/serenayu.eth, CN, Web3; DeFi; NFT
MosesSamPaul, https://mirror.xyz/0xed95C841068a9feF0CE2D7F527829A231626447D, https://submirror.xyz/0xed95C841068a9feF0CE2D7F527829A231626447D, EN, Web3
BanklessDAO, https://banklessdao.mirror.xyz/, https://banklessdao.submirror.xyz/, EN, DAO
VAULT: Creators Unlocked, https://mirror.xyz/0xe5DCbB3B8B6c7f837761b36316c5DCbb3a93b3f8, https://submirror.xyz/0xe5DCbB3B8B6c7f837761b36316c5DCbb3a93b3f8, EN, Web3
MissBerri.ETH, https://mirror.xyz/missberri.eth, https://submirror.xyz/missberri.eth, EN, DAO
DMNSN, https://mirror.xyz/dmnsn.eth, https://submirror.xyz/dmnsn.eth, EN, NFT
UneMeta, https://mirror.xyz/unemeta.eth, https://submirror.xyz/unemeta.eth, EN, NFT
duloti-peopledao, https://mirror.xyz/duloti-peopledao.eth, https://submirror.xyz/duloti-peopledao.eth, CN, DAO
Kain.eth, https://mirror.xyz/kain.eth, https://submirror.xyz/kain.eth, EN, DeFi
0xProductGal, https://mirror.xyz/0xproductgal.eth, https://submirror.xyz/0xproductgal.eth, CN, Web3
Jean-Luc Shorey, https://mirror.xyz/0xBC2Ae45Ee0dD58B1FDDf3ac6e98c8F2d3ff3591d, https://submirror.xyz/0xBC2Ae45Ee0dD58B1FDDf3ac6e98c8F2d3ff3591d, EN, DeFi
David Tomu, https://mirror.xyz/tomu.eth, https://submirror.xyz/tomu.eth, EN, Web3
许明恩, https://mirror.xyz/mnhsu.eth, https://submirror.xyz/mnhsu.eth, CN, Web3
JT Song, https://mirror.xyz/jtsong.eth, https://submirror.xyz/jtsong.eth, CN, Web3; NFT
Ali Galan, https://mirror.xyz/0x0C34E42209d9372199e37Efd53B03ef1A4b3c5ff, https://submirror.xyz/0x0C34E42209d9372199e37Efd53B03ef1A4b3c5ff, EN, NFT
flyingpotato, https://mirror.xyz/0x3a9e9dcC7be5a0152B15CA34923CadEF1865DBA5, https://submirror.xyz/0x3a9e9dcC7be5a0152B15CA34923CadEF1865DBA5, EN, Web3
Beeradley, https://mirror.xyz/beeradley.eth, https://submirror.xyz/beeradley.eth, EN, DAO
Jason Zhou, https://mirror.xyz/jasonz.eth, https://submirror.xyz/jasonz.eth, EN, Web3
saltwater, https://mirror.xyz/0xB9D7211EdBf7ADb18C4a6e8C587E5660CD476B8F, https://submirror.xyz/0xB9D7211EdBf7ADb18C4a6e8C587E5660CD476B8F, EN, Web3
Reservoir Protocol, https://reservoir.mirror.xyz/, https://reservoir.submirror.xyz/, EN, Web3
More Than a Gamer, https://mirror.xyz/0xb72759927CB072d4db4386Ef53D657F09a79FC92, https://mirror.xyz/0xb72759927CB072d4db4386Ef53D657F09a79FC92, EN, NFT
cosmohm.eth, https://mirror.xyz/cosmohm.eth, https://submirror.xyz/cosmohm.eth, EN, DAO
Meagan Loyst, https://mirror.xyz/themeaganloyst.eth, https://submirror.xyz/themeaganloyst.eth, EN, NFT
Coinvise, https://coinvise.mirror.xyz/, https://coinvise.submirror.xyz/, EN, DeFi
Justine Moore, https://mirror.xyz/justinemoore.eth, https://submirror.xyz/justinemoore.eth, EN, Web3
Standard Crypto, https://mirror.xyz/blog.standard-crypto.eth, https://submirror.xyz/blog.standard-crypto.eth, EN, NFT
Cabin, https://creators.mirror.xyz/, https://creators.submirror.xyz/, EN, DAO
Zora Engineering, https://zora.mirror.xyz/, https://zora.submirror.xyz/, EN, Web3
Emperor, https://mirror.xyz/0xemperor.eth, https://submirror.xyz/0xemperor.eth, EN, DeFi; DAO
Culture Clap, https://mirror.xyz/canin.eth, https://submirror.xyz/canin.eth, EN, DAO
Olympus Agora, https://mirror.xyz/0x4CeBBD9E1e399dA2cFe62834133B6B759087a994, https://submirror.xyz/0x4CeBBD9E1e399dA2cFe62834133B6B759087a994, EN, NFT
Loedn, https://mirror.xyz/loedn.eth, https://submirror.xyz/loedn.eth, EN, DeFi
Syndicate, https://syndicate.mirror.xyz/, https://syndicate.submirror.xyz/, EN, Web3
Kay, https://mirror.xyz/kayf.eth, https://submirror.xyz/kayf.eth, CN, Web3
Fraser Bell / The NFT Diary, https://mirror.xyz/fraserbell.eth, https://submirror.xyz/fraserbell.eth, EN, NFT
Bradley Tusk, https://mirror.xyz/0x81dB200eD62Ce664B911C211b55F836a208Df868, https://submirror.xyz/0x81dB200eD62Ce664B911C211b55F836a208Df868, EN, Web3
Alejandro Cano, https://mirror.xyz/alejandrocano.eth, https://submirror.xyz/alejandrocano.eth, EN, Web3
Alex Zhong, https://mirror.xyz/0xD08624Cdbd8646a74C24565deb103001215d0Bf6, https://submirror.xyz/0xD08624Cdbd8646a74C24565deb103001215d0Bf6, EN, NFT
Dhaiwat Pandya, https://mirror.xyz/dhaiwat.eth, https://submirror.xyz/dhaiwat.eth, EN, Web3
0xA926, https://mirror.xyz/0xA92613A5e8D2373c2733Ce1E61041485483A90F2, https://submirror.xyz/0xA92613A5e8D2373c2733Ce1E61041485483A90F2, EN, GameFi
Sushi, https://mirror.xyz/susheen.eth, https://submirror.xyz/susheen.eth, EN, Web3
RhizomeDAO, https://mirror.xyz/rhizomedao.eth, https://submirror.xyz/rhizomedao.eth, EN, DAO
Mary Maguire, https://mirror.xyz/marymaguire.eth, https://submirror.xyz/marymaguire.eth, EN, GameFi
nivaaz, https://mirror.xyz/0x14BD0Cf32aF377E65584058b5Ee24FA9007da480, https://submirror.xyz/0x14BD0Cf32aF377E65584058b5Ee24FA9007da480, EN, NFT
Christian, https://mirror.xyz/cmurray.eth, https://submirror.xyz/cmurray.eth, EN, NFT
FlipFam, https://mirror.xyz/0xA8c69E5a3D8a5F743772C65ba7624058e43C7a6E, https://submirror.xyz/0xA8c69E5a3D8a5F743772C65ba7624058e43C7a6E, EN, NFT
MUSIC x, https://musicx.mirror.xyz/, https://musicx.submirror.xyz/, EN, NFT
Dyo Hu, https://mirror.xyz/dyohu.eth, https://submirror.xyz/dyohu.eth, EN, NFT
HashHub Research, https://mirror.xyz/0x8Df126302a7EA75E7013Ec8Ad6bFaC14DD84a5fF, https://submirror.xyz/0x8Df126302a7EA75E7013Ec8Ad6bFaC14DD84a5fF, EN, Web3
Pranav M Jagtap MD, https://mirror.xyz/bhau.eth, https://submirror.xyz/bhau.eth, EN, DAO
Mirror Development, https://dev.mirror.xyz/, https://dev.submirror.xyz/, EN, Web3
Forefront, https://forefront.mirror.xyz/, https://forefront.submirror.xyz/, EN, Web3
0xben, https://mirror.xyz/0xdbFA537F17118880C708A23518Aa14049ac5FA35, https://submirror.xyz/0xdbFA537F17118880C708A23518Aa14049ac5FA35, EN, Web3
Joshua Eustis, https://mirror.xyz/telefontelaviv.eth, https://submirror.xyz/telefontelaviv.eth, EN, ETH
XEDRA, https://mirror.xyz/xedra.eth, https://submirror.xyz/xedra.eth, EN, NFT
pseudotheos, https://pseudotheos.mirror.xyz/, https://pseudotheos.submirror.xyz/, EN, ETH
Daniel Schlabach, https://mirror.xyz/schlabach.eth, https://submirror.xyz/schlabach.eth, EN, DeFi
MisterPlus, https://mirror.xyz/misterplus.eth, https://submirror.xyz/misterplus.eth, EN, NFT
tian7, https://mirror.xyz/tian7.eth, https://submirror.xyz/tian7.eth, CN, Web3
joe.eth, https://mirror.xyz/0x97bB393E972fC8480e9fb46352e767C426F30902, https://submirror.xyz/0x97bB393E972fC8480e9fb46352e767C426F30902, CN, SocialFi
比特大猪, https://mirror.xyz/0xf433344118e4A9f6870330cfA7e8d42BF7FB74af, https://submirror.xyz/0xf433344118e4A9f6870330cfA7e8d42BF7FB74af, CN, Web3
RayYayZzz, https://mirror.xyz/rayzzz.eth, https://submirror.xyz/rayzzz.eth, CN, NFT
Manta Network, https://mirror.xyz/0xeB125d270FC135DDD3CC8E1C466873a4f37682d5, https://submirror.xyz/0xeB125d270FC135DDD3CC8E1C466873a4f37682d5, CN, Polkadot
Curare by JO7, https://jo7.mirror.xyz/, https://jo7.submirror.xyz/, EN, Web3
Into the Metaverse, https://meta.mirror.xyz/, https://meta.submirror.xyz/, EN, Web3
brunny.eth, https://mirror.xyz/brunny.eth, https://submirror.xyz/brunny.eth, EN, Ethereum
Seed Club, https://club.mirror.xyz/, https://club.submirror.xyz/, EN, DAO
Hari Velaayutham, https://mirror.xyz/harivel.eth, https://submirror.xyz/harivel.eth, EN, Web3
Lens Protocol, https://mirror.xyz/lensprotocol.eth, https://submirror.xyz/lensprotocol.eth, EN, Web3
Pedoispe, https://mirror.xyz/pedoispe.eth, https://submirror.xyz/pedoispe.eth, EN, DAO; NFT
Pangea, https://mirror.xyz/pangeadao.eth, https://submirror.xyz/pangeadao.eth, EN, Web3; DAO
Dillon, https://mirror.xyz/dill.eth, https://submirror.xyz/dill.eth, EN, Web3
sladuca.eth, https://mirror.xyz/0x6A8046BD2f3AD3EF9e1eA60FADdb668fd3837375, https://submirror.xyz/0x6A8046BD2f3AD3EF9e1eA60FADdb668fd3837375, EN, Web3
YoursDAO, https://mirror.xyz/yoursdao.eth, https://submirror.xyz/yoursdao.eth, EN, DAO
Ladislaus, https://mirror.xyz/ladislaus.eth, https://submirror.xyz/ladislaus.eth, EN, Ethereum
The Lean Block, https://mirror.xyz/supreet.eth, https://submirror.xyz/supreet.eth, EN, NFT
MetaverseTRML, https://mirror.xyz/0xC6ebC754Cbbc4AebC0596f516DB4A98e8e8A247A, https://submirror.xyz/0xC6ebC754Cbbc4AebC0596f516DB4A98e8e8A247A, EN, GameFi
AsherFishman.eth, https://mirror.xyz/0x374E763fBE0FC4e404db4531f7Ee54044019a8A1, https://submirror.xyz/0x374E763fBE0FC4e404db4531f7Ee54044019a8A1, EN, Web3
Philip R Powis (The Wizard), https://mirror.xyz/philippowis.eth, https://submirror.xyz/philippowis.eth, EN, Web3
Jackson Oar, https://mirror.xyz/0x22034f804960B9B34353d6A7595cC4E83ac0daBe, https://submirror.xyz/0x22034f804960B9B34353d6A7595cC4E83ac0daBe, CN, 跨链
IOSG Ventures_CN, https://mirror.xyz/0x5Eba828AB4999825D8416D7EAd9563b64FD90276, https://submirror.xyz/0x5Eba828AB4999825D8416D7EAd9563b64FD90276, CN, 投研
Rally, https://mirror.xyz/rallyio.eth, https://submirror.xyz/rallyio.eth, EN, NFT
0xCb4B, https://mirror.xyz/0xCb4B8F4810188fCBe96C06ccf8A763eb49f56a29, https://submirror.xyz/0xCb4B8F4810188fCBe96C06ccf8A763eb49f56a29, EN, Ethereum
Scott David Meyer, https://ed3.mirror.xyz/, https://ed3.submirror.xyz/, EN, DAO
Paymahn, https://mirror.xyz/paymahn.eth, https://submirror.xyz/paymahn.eth, EN, DAO
jmcook.eth, https://mirror.xyz/jmcook.eth, https://submirror.xyz/jmcook.eth, EN, Ethereum
juliancanderson, https://mirror.xyz/juliancanderson.eth, https://submirror.xyz/juliancanderson.eth, EN, NFT
Andrew Hong, https://ath.mirror.xyz/, https://ath.submirror.xyz/, EN, Web3
Ryan Solomon (Sully), https://mirror.xyz/0xd61bbb4c245Bd483301352127B96C0CC3b9471aB, https://submirror.xyz/0xd61bbb4c245Bd483301352127B96C0CC3b9471aB, EN, DAO
LeoSagan, https://mirror.xyz/leosagan.eth, https://submirror.xyz/leosagan.eth, EN, DeFi
Blockchangehk, https://mirror.xyz/0x26943fe785270a31D2D3c8E6E4539213B7980817, https://submirror.xyz/0x26943fe785270a31D2D3c8E6E4539213B7980817, CN, Web3
比特引力, https://mirror.xyz/0x4bE3Aa7AC1508980ef4b2b584b93ca6FB2d70bd1, https://submirror.xyz/0x4bE3Aa7AC1508980ef4b2b584b93ca6FB2d70bd1, CN, DAO; DeFi; Web3
kuangren, https://mirror.xyz/0xAc75b504Dc498D6f5E59127395b5C2e6f991A5a9, https://submirror.xyz/0xAc75b504Dc498D6f5E59127395b5C2e6f991A5a9, CN, Web3
0xLin, https://mirror.xyz/0xlin.eth, https://submirror.xyz/0xlin.eth, CN, Web3
Dot, https://mirror.xyz/dotmusic.eth, https://submirror.xyz/dotmusic.eth, EN, NFT
Aean, https://mirror.xyz/aean.eth, https://submirror.xyz/aean.eth, EN, Web3
Brock, https://mirror.xyz/brocke.eth, https://submirror.xyz/brocke.eth, EN, DeFi
0nboard, https://mirror.xyz/yean.eth, https://submirror.xyz/yean.eth, EN, Web3
GALLERY, https://gallery.mirror.xyz/, https://gallery.submirror.xyz/, EN, DeFi
Alex Otsu, https://mirror.xyz/0x3eb6728795CDC298742880F6fFF4D63e627601e8, https://submirror.xyz/0x3eb6728795CDC298742880F6fFF4D63e627601e8, EN, Ethereum
KaliCo, https://mirror.xyz/kalico.eth, https://submirror.xyz/kalico.eth, EN, DAO
OwwwO, https://mirror.xyz/owwwo.eth, https://submirror.xyz/owwwo.eth, CN, DAO
PrimeDAO, https://mirror.xyz/primed2d.eth, https://submirror.xyz/primed2d.eth, EN, DeFi
0xNoMad, https://mirror.xyz/nomadlab.eth, https://submirror.xyz/nomadlab.eth, CN, GameFi
Peter L, https://mirror.xyz/peterleeb.eth, https://submirror.xyz/peterleeb.eth, EN, Web3
DAppChaser, https://mirror.xyz/dappchaser.eth, https://submirror.xyz/dappchaser.eth, EN, NFT
durneja.eth, https://mirror.xyz/durneja.eth, https://submirror.xyz/durneja.eth, EN, DAO
Y4000, https://mirror.xyz/y4000.eth, https://submirror.xyz/y4000.eth, EN, Ethereum; DAO
Clemlaflemme, https://mirror.xyz/clemlaflemme.eth, https://submirror.xyz/clemlaflemme.eth, EN, Ethereum
Crypto Coven, https://cryptocoven.mirror.xyz/, https://cryptocoven.submirror.xyz/, EN, Web3
导演, https://mirror.xyz/0x76276193e5e0c1aB752470A21BD9a93aCca23243, https://submirror.xyz/0x76276193e5e0c1aB752470A21BD9a93aCca23243, CN, Web3
haowi.eth, https://mirror.xyz/haowi.eth, https://submirror.xyz/haowi.eth, CN, DeFi
seba, https://mirror.xyz/0x5152e31dfF3C7C7fa1f7D90cef6C9EafD56bE7E7, https://submirror.xyz/0x5152e31dfF3C7C7fa1f7D90cef6C9EafD56bE7E7, EN, Web3
Rahat Chowdhury, https://mirror.xyz/rahat.eth, https://submirror.xyz/rahat.eth, EN, Web3
doug, https://mirror.xyz/pfeffunit.eth, https://submirror.xyz/pfeffunit.eth, EN, NFT
mizu, https://mirror.xyz/mizu.eth, https://submirror.xyz/mizu.eth, EN, NFT
Web3.0 Dev Camp, https://mirror.xyz/0x73c7448760517E3E6e416b2c130E3c6dB2026A1d, https://submirror.xyz/0x73c7448760517E3E6e416b2c130E3c6dB2026A1d, EN, NFT
Nikkor@perp.fi, https://mirror.xyz/nikkor.eth, https://submirror.xyz/nikkor.eth, CN, Web3
ViviDaBest, https://mirror.xyz/0x2f3b5b6d852Fb097Df4d1197287858D35b3C1647, https://submirror.xyz/0x2f3b5b6d852Fb097Df4d1197287858D35b3C1647, CN, NFT
jambestwick, https://mirror.xyz/vatalikbuterin.eth, https://submirror.xyz/vatalikbuterin.eth, CN, Web3
zlexdl.eth, https://mirror.xyz/zlexdl.eth, https://submirror.xyz/zlexdl.eth, CN, Web3
0Xdog, https://mirror.xyz/0x26DA4f747dD974f873Be9422918FAf1c3C0049D6, https://submirror.xyz/0x26DA4f747dD974f873Be9422918FAf1c3C0049D6, CN, Web3
加戈, https://mirror.xyz/0xE44081Ee2D0D4cbaCd10b44e769A14Def065eD4D, https://submirror.xyz/0xE44081Ee2D0D4cbaCd10b44e769A14Def065eD4D, CN, Web3
sartoshi, https://mirror.xyz/sartoshi.eth, https://submirror.xyz/sartoshi.eth, EN, Web3
Jacob Wei, https://mirror.xyz/jacobwei.eth, https://submirror.xyz/jacobwei.eth, CN, NFT
web3sean.eth, https://mirror.xyz/therealsean.eth, https://submirror.xyz/therealsean.eth, EN, NFT
Evan Powell, https://mirror.xyz/epowell101.eth, https://submirror.xyz/epowell101.eth, EN, DAO
0xC18E, https://mirror.xyz/0xC18E4eCCE39239aBC3C9610277Ed6b51Dd3cF258, https://submirror.xyz/0xC18E4eCCE39239aBC3C9610277Ed6b51Dd3cF258, EN, DAO
Leonard, https://mirror.xyz/0xF6c53cEa18Bd1F5e93425eB7D5Ce009225fA2A46, https://submirror.xyz/0xF6c53cEa18Bd1F5e93425eB7D5Ce009225fA2A46, EN, NFT
Cyberviking, https://mirror.xyz/0xf0f3466f8Cbc2A6154703AA669E73844ac4D5446, https://submirror.xyz/0xf0f3466f8Cbc2A6154703AA669E73844ac4D5446, CN, Web3
Andrew DeBell, https://mirror.xyz/debell.eth, https://submirror.xyz/debell.eth, EN, NFT
qiwihui, https://mirror.xyz/qiwihui.eth, https://submirror.xyz/qiwihui.eth, CN, NFT
maik2hello, https://mirror.xyz/0x65684B9D2B06469E88acfc1B88c65912F7BB795B, https://submirror.xyz/0x65684B9D2B06469E88acfc1B88c65912F7BB795B, CN, NFT
zoroo.eth, https://mirror.xyz/zoroo.eth, https://submirror.xyz/zoroo.eth, CN, Web3
0xSplits, https://mirror.xyz/0x50671995E1ECa15Ca9E807774A814331CabE0F3b, https://submirror.xyz/0x50671995E1ECa15Ca9E807774A814331CabE0F3b, EN, Web3
Naveen, https://mirror.xyz/0xB38709B8198d147cc9Ff9C133838a044d78B064B, https://submirror.xyz/0xB38709B8198d147cc9Ff9C133838a044d78B064B, EN, Web3
curiousjoe.eth, https://mirror.xyz/curiousjoe.eth, https://submirror.xyz/curiousjoe.eth, EN, Web3; DAO
Research DAO, https://mirror.xyz/0xed111Cf8C23AEafe12286Fd60EE670007457Bf87, https://submirror.xyz/0xed111Cf8C23AEafe12286Fd60EE670007457Bf87, EN, DAO
Jasmine Xu, https://mirror.xyz/jasminexu.eth, https://submirror.xyz/jasminexu.eth, EN, DeFi
帅小伙杰克, https://mirror.xyz/0x9ebcdd8954F48B725D56905afd3140f42b93E6eF, https://submirror.xyz/0x9ebcdd8954F48B725D56905afd3140f42b93E6eF, CN, NFT
jrocki.eth, https://mirror.xyz/jrocki.eth, https://submirror.xyz/jrocki.eth, EN, NFT
rohanda.eth, https://mirror.xyz/rohanda.eth, https://submirror.xyz/rohanda.eth, EN, NFT
HOLE, https://mirror.xyz/holedao.eth, https://submirror.xyz/holedao.eth, EN, NFT
Data Always, https://mirror.xyz/dataalways.eth, https://submirror.xyz/dataalways.eth, EN, Ethereum
Locke Protocol, https://mirror.xyz/0x61aff5A1899DD290568D53A0727dC4d0a27D2Ea0, https://submirror.xyz/0x61aff5A1899DD290568D53A0727dC4d0a27D2Ea0, EN, Web3
CNMA, https://c.mirror.xyz/, https://c.submirror.xyz/, EN, Web3
Crypto Alpha, https://mirror.xyz/duynguyen96.eth, https://submirror.xyz/duynguyen96.eth, EN, Web3
mings.eth, https://mirror.xyz/0x4f34D26287066C628F02B03b30EB14FA8450d03B, https://submirror.xyz/0x4f34D26287066C628F02B03b30EB14FA8450d03B, EN, Web3
DAOhaus, https://daohaus.mirror.xyz/, https://daohaus.submirror.xyz/, EN, DAO
Saurabh Nayak, https://mirror.xyz/0x680D86816eFCa6Fe321d808e3dabCf5867e86E06, https://submirror.xyz/0x680D86816eFCa6Fe321d808e3dabCf5867e86E06, EN, Web3
AK-No, https://mirror.xyz/0xBc7545C4E1765d333083B7fe02e4af51050fC1Be, https://submirror.xyz/0xBc7545C4E1765d333083B7fe02e4af51050fC1Be, EN, Web3
xiangcai.eth, https://mirror.xyz/xiangcai.eth, https://submirror.xyz/xiangcai.eth, CN, Web3
Crypto_Bibi, https://mirror.xyz/lingyanxiao.eth, https://submirror.xyz/lingyanxiao.eth, CN, Crypto
Bhavesh Rawat, https://mirror.xyz/0x8F8340370C547A830Fe93660dafda2d92670A880, https://submirror.xyz/0x8F8340370C547A830Fe93660dafda2d92670A880, EN, NFT
Augusto Chirico, https://mirror.xyz/0x27523f8b16092f5e9e8A590e317c17FCE334a1c0, https://submirror.xyz/0x27523f8b16092f5e9e8A590e317c17FCE334a1c0, EN, Web3
CryptoDesigner, https://mirror.xyz/cryptodesigner.eth, https://submirror.xyz/cryptodesigner.eth, CN, Ethereum
Beatone, https://mirror.xyz/miaomiao1688.eth, https://submirror.xyz/miaomiao1688.eth, CN, Web3
Crypto Commons DAO, https://mirror.xyz/cryptocommons.eth, https://submirror.xyz/cryptocommons.eth, EN, DAO
The Blockchain Socialist but on Mirror, https://theblockchainsocialist.mirror.xyz/, https://theblockchainsocialist.submirror.xyz/, EN, DAO
chengmo.bit, https://mirror.xyz/0x283Ef753f5ec092FAd51E27b0958C10f34dA571F, https://submirror.xyz/0x283Ef753f5ec092FAd51E27b0958C10f34dA571F, CN, NFT
Footprint Analytics, https://mirror.xyz/0x0A9ee078998e6ECe11e1FF75fCbc7BeD5be005bB, https://submirror.xyz/0x0A9ee078998e6ECe11e1FF75fCbc7BeD5be005bB, EN, Web3
MarrowDAO, https://buidl.mirror.xyz/, https://buidl.submirror.xyz/, EN, DAO
Chapter One, https://jmj.mirror.xyz/, https://jmj.submirror.xyz/, EN, Web3
Parcel, https://mirror.xyz/0xe6C65b3cde9f4F2D7d8255aEf2D53D80100a9087, https://submirror.xyz/0xe6C65b3cde9f4F2D7d8255aEf2D53D80100a9087, EN, Web3
Xing, https://mirror.xyz/xing824.eth, https://submirror.xyz/xing824.eth, CN, NFT
yewlne, https://mirror.xyz/yewlne.eth, https://submirror.xyz/yewlne.eth, CN, NFT
GWG_GameFi, https://mirror.xyz/0xCe6fde8581C110B429DfD6B5ECa2658284612cbc, https://submirror.xyz/0xCe6fde8581C110B429DfD6B5ECa2658284612cbc, CN, GameFi
cwweb3, https://mirror.xyz/cwweb3.eth, https://submirror.xyz/cwweb3.eth, CN, Web3
Moc, https://mirror.xyz/0x76c7417278a27117ABa9e08a7f080A0337129Be4, https://submirror.xyz/0x76c7417278a27117ABa9e08a7f080A0337129Be4, CN, Web3
Wanda Oliver, https://mirror.xyz/wandaoliver.eth, https://submirror.xyz/wandaoliver.eth, EN, NFT
GTON Capital, https://mirror.xyz/0x8c8b81208C7B7F71CD3279A31F48F1A37bda5df0, https://submirror.xyz/0x8c8b81208C7B7F71CD3279A31F48F1A37bda5df0, EN, Web3
Will Stough, https://mirror.xyz/stough.eth, https://submirror.xyz/stough.eth, EN, Ethereum
twodam.eth, https://mirror.xyz/twodam.eth, https://submirror.xyz/twodam.eth, CN, Web3
huohuo, https://mirror.xyz/wildchina.eth, https://submirror.xyz/wildchina.eth, CN, Web3; NFT
THE FRINGE, https://mirror.xyz/thefringe.eth, https://submirror.xyz/thefringe.eth, EN, Web3
Chris Hamm, https://mirror.xyz/chamm.eth, https://submirror.xyz/chamm.eth, EN, Ethereum
Boardroom, https://boardroom.mirror.xyz/, https://boardroom.submirror.xyz/, EN, DAO
Julia Maltby, https://mirror.xyz/juliamaltby.eth, https://submirror.xyz/juliamaltby.eth, EN, NFT
mati.h, https://mirror.xyz/0xB3f2b0001A4A82e6ed9Dab52224Da11788798cdd, https://submirror.xyz/0xB3f2b0001A4A82e6ed9Dab52224Da11788798cdd, EN, Web3
Samson Schirmer, https://mirror.xyz/0x40674647a2DeEdf0459633904Fd8150a5D720861, https://submirror.xyz/0x40674647a2DeEdf0459633904Fd8150a5D720861, EN, Web3
Eco's Echo, https://echo.mirror.xyz/, https://echo.submirror.xyz/, EN, DAO
Mycelia, https://mirror.xyz/ibansadowski.eth, https://submirror.xyz/ibansadowski.eth, EN, Web3
Altin - The Working Guitarist, https://mirror.xyz/0x973951bA15992C2944086BcF80421bEA39363f17, https://submirror.xyz/0x973951bA15992C2944086BcF80421bEA39363f17, EN, Web3
sakina, https://mirror.xyz/0x4b58145d1F0D16985BA42B1066a60C26014e85bb, https://submirror.xyz/0x4b58145d1F0D16985BA42B1066a60C26014e85bb, CN, Web3
Jiawei, https://mirror.xyz/owoowo.eth, https://submirror.xyz/owoowo.eth, CN, NFT
John Ellison, https://mirror.xyz/0xCaD3887923B39cD2b0B6d13538C4ecB7C5EE9825, https://submirror.xyz/0xCaD3887923B39cD2b0B6d13538C4ecB7C5EE9825, EN, Web3
Onecdot, https://mirror.xyz/0x8B86C9f583cDAd037c9a28285084De1b9e0BF3EA, https://submirror.xyz/0x8B86C9f583cDAd037c9a28285084De1b9e0BF3EA, EN, GameFi
JP, https://mirror.xyz/jpangelle.eth, https://submirror.xyz/jpangelle.eth, EN, Ethereum
Erica, https://mirror.xyz/ericakang.eth, https://submirror.xyz/ericakang.eth, EN, Ethereum
Impossible Research, https://mirror.xyz/impossibleresearch.eth, https://submirror.xyz/impossibleresearch.eth, EN, GameFi
Yup, https://yup.mirror.xyz/, https://yup.submirror.xyz/, EN, Web3
Brandon Ferdig, https://mirror.xyz/0x458162b7823560E5fb5DE3285Ad3242b0f813546, https://submirror.xyz/0x458162b7823560E5fb5DE3285Ad3242b0f813546, EN, Web3
dagan.eth, https://mirror.xyz/dagan.eth, https://submirror.xyz/dagan.eth, EN, Web3
Rhian Lewis, https://mirror.xyz/rhian.eth, https://submirror.xyz/rhian.eth, EN, Web3
highvibe, https://mirror.xyz/highvibenetwork.eth, https://submirror.xyz/highvibenetwork.eth, EN, Web3
sissi, https://mirror.xyz/sissixin.eth, https://submirror.xyz/sissixin.eth, CN, Web3
Mahesh Murthy, https://mirror.xyz/0xf768f5F340e89698465Fc7C12F31cB485fFf98D2, https://submirror.xyz/0xf768f5F340e89698465Fc7C12F31cB485fFf98D2, EN, DAO
Omar Mezenner, https://mirror.xyz/omarmezenner.eth, https://submirror.xyz/omarmezenner.eth, EN, DAO
PageDAO, https://mirror.xyz/pagedao.eth, https://submirror.xyz/pagedao.eth, EN, DAO
Maddie Goldberg, https://mirror.xyz/maddiegoldberg.eth, https://submirror.xyz/maddiegoldberg.eth, EN, DAO
Boba Epicure, https://mirror.xyz/bobaepicure.eth, https://submirror.xyz/bobaepicure.eth, EN, NFT
Didar Korkembay, https://mirror.xyz/0xCB143E3145c8EFB020D2D5dCFD094e3345260f09, https://submirror.xyz/0xCB143E3145c8EFB020D2D5dCFD094e3345260f09, EN, Web3
Eduard, https://mirror.xyz/0xe0F8f06e9a06C306C4064CD660D644348e32b97d, https://submirror.xyz/0xe0F8f06e9a06C306C4064CD660D644348e32b97d, EN, NFT
Noncesense, https://mirror.xyz/rcpw.eth, https://submirror.xyz/rcpw.eth, EN, NFT
yikiiiii.eth, https://mirror.xyz/0xAAe47a1231D7291EcE8701403789fA4e0285F857, https://submirror.xyz/0xAAe47a1231D7291EcE8701403789fA4e0285F857, CN, NFT
Penny777.eth, https://mirror.xyz/penny777.eth, https://submirror.xyz/penny777.eth, CN, Web3
github, https://mirror.xyz/0x54c5Bd849c170f3Cbd5618D6f7B316B38f5729C4, https://submirror.xyz/0x54c5Bd849c170f3Cbd5618D6f7B316B38f5729C4, CN, Web3
OnboardDAO, https://onboard.mirror.xyz/, https://onboard.submirror.xyz/, EN, DAO
Spatio, https://mirror.xyz/spatio.eth, https://submirror.xyz/spatio.eth, EN, NFT
Yesheng, https://mirror.xyz/yesheng.eth, https://submirror.xyz/yesheng.eth, EN, NFT
Cj_Blockchain, https://mirror.xyz/0xE8C078C600132AB68685eA06a5f7C7bC1A349b76, https://submirror.xyz/0xE8C078C600132AB68685eA06a5f7C7bC1A349b76, CN, DAO
kishandao, https://mirror.xyz/kishans.eth, https://submirror.xyz/kishans.eth, EN, DAO
Shrey Jain, https://mirror.xyz/shreyjain.eth, https://submirror.xyz/shreyjain.eth, EN, Ethereum
Mirror DAO, https://dao.mirror.xyz/, https://dao.submirror.xyz/, EN, Web3; DAO
Steph, https://mirror.xyz/0xb6BC21B770Df019225f122E07dAc3E4984CfF95a, https://submirror.xyz/0xb6BC21B770Df019225f122E07dAc3E4984CfF95a, EN, Web3
JPG, https://jpg.mirror.xyz/, https://jpg.submirror.xyz/, EN, NFT
iamsixsix_eth, https://mirror.xyz/0x78c1C7F703e9b2fe35AE4821AE8664BBf405bAC8, https://submirror.xyz/0x78c1C7F703e9b2fe35AE4821AE8664BBf405bAC8, EN, NFT
Jay Jiang, https://mirror.xyz/jayjiang.eth, https://submirror.xyz/jayjiang.eth, CN, DAO
SeeDAO Product, https://mirror.xyz/product.seedao.eth, https://submirror.xyz/product.seedao.eth, EN, DAO
charlie, https://mirror.xyz/durbin.eth, https://submirror.xyz/durbin.eth, EN, Web3
ryguy, https://mirror.xyz/ryguy.eth, https://submirror.xyz/ryguy.eth, EN, DAO
Mirror launch, https://launch.mirror.xyz/, https://launch.submirror.xyz/, EN, Web3
Erguai, https://mirror.xyz/0x40d96AF846202Ebfb6677601B5d1c19B5106feab, https://submirror.xyz/0x40d96AF846202Ebfb6677601B5d1c19B5106feab, EN, NFT
Tasha Kim, https://mirror.xyz/natashajuliakim.eth, https://submirror.xyz/natashajuliakim.eth, EN, NFT
lwsnbaker.eth, https://mirror.xyz/lwsnbaker.eth, https://submirror.xyz/lwsnbaker.eth, EN, Web3
Hypha DAO and SEEDS Economy, https://mirror.xyz/0x74DdeE27b3D96807131C72c0CA0eA3A20aFC1784, https://submirror.xyz/0x74DdeE27b3D96807131C72c0CA0eA3A20aFC1784, EN, Web3
rΞgan.eth, https://regan.mirror.xyz/, https://regan.submirror.xyz/, EN, Web3
Goke Adekunle, https://mirror.xyz/0x8806CD5e6a3977519B2EB97742CFf4082957AD8C, https://submirror.xyz/0x8806CD5e6a3977519B2EB97742CFf4082957AD8C, EN, Web3
凉粉小刀, https://mirror.xyz/liangfenxiaodao.eth, https://submirror.xyz/liangfenxiaodao.eth, CN, Web3
NaiveDAO, https://mirror.xyz/0x4D95fDbd3Bd34f92B3508f61ee28fD006C782CF9, https://submirror.xyz/0x4D95fDbd3Bd34f92B3508f61ee28fD006C782CF9, CN, Web3
The Lapidary, https://diamond.mirror.xyz/, https://diamond.submirror.xyz/, EN, Web3
Society Journal, https://society.mirror.xyz/, https://society.submirror.xyz/, EN, Ethereum
AlΞx Tsu, https://mirror.xyz/0xbAF657873a1df871471a74e155F0FEFA09873661, https://submirror.xyz/0xbAF657873a1df871471a74e155F0FEFA09873661, EN, Web3
paulfinneyx, https://mirror.xyz/paulfinneyx.eth, https://submirror.xyz/paulfinneyx.eth, EN, Web3
jasperthefriendlyghost.eth, https://mirror.xyz/0x04BEE613690e98A1959F236c38AbAa5f2439B14a, https://submirror.xyz/0x04BEE613690e98A1959F236c38AbAa5f2439B14a, EN, Ethereum
Rulan Zheng, https://mirror.xyz/0xC0F0Ce81234776f7bf30e479fB0Ac518034818B6, https://submirror.xyz/0xC0F0Ce81234776f7bf30e479fB0Ac518034818B6, CN, Web3
denze, https://mirror.xyz/denze.eth, https://submirror.xyz/denze.eth, EN, Web3
Chainlink 预言机, https://mirror.xyz/0x6521FF2BFf2FA292a9Afb04f1791Ba9FecBe1C3f, https://submirror.xyz/0x6521FF2BFf2FA292a9Afb04f1791Ba9FecBe1C3f, CN, Web3
PurposeUnknown, https://mirror.xyz/purposeunknown.eth, https://submirror.xyz/purposeunknown.eth, EN, Web3
Nick Confrey, https://mirror.xyz/0xCFB430b30747aae231655052d2c79eA76204291B, https://submirror.xyz/0xCFB430b30747aae231655052d2c79eA76204291B, EN, Web3
Dopr, https://mirror.xyz/0x0ac073bAB13cFacd44A5Dc7b063035E43A223014, https://submirror.xyz/0x0ac073bAB13cFacd44A5Dc7b063035E43A223014, EN, Web3
Mitch Worsey, https://mirror.xyz/mitchworz.eth, https://submirror.xyz/mitchworz.eth, EN, Web3
The Manther, https://mirror.xyz/manther.eth, https://submirror.xyz/manther.eth, EN, Web3
0xVincent, https://u.mirror.xyz/, https://u.submirror.xyz/, CN, DeFi; GameFi
Radia, https://mirror.xyz/radia.eth, https://submirror.xyz/radia.eth, EN, NFT
TsaiKoga, https://mirror.xyz/0xff71512c84096F55cdF5C5f3D3c6AcE99b56feF0, https://submirror.xyz/0xff71512c84096F55cdF5C5f3D3c6AcE99b56feF0, CN, Web3
社会主义接班人, https://mirror.xyz/0x5B8c65ffa85fF42695B2f96A3B6eB6E45BBB4AdD, https://submirror.xyz/0x5B8c65ffa85fF42695B2f96A3B6eB6E45BBB4AdD, CN, Web3
littleflyingpiggy, https://mirror.xyz/littleflyingpiggy.eth, https://submirror.xyz/littleflyingpiggy.eth, CN, Web3
CRYang, https://mirror.xyz/0x35b667B89aef0e76fC1B4Ec2b5779915bF989bC7, https://submirror.xyz/0x35b667B89aef0e76fC1B4Ec2b5779915bF989bC7, CN, Web3
yyy, https://mirror.xyz/0x8aBB3f99cA9db88c2675243234800db4846a6035, https://submirror.xyz/0x8aBB3f99cA9db88c2675243234800db4846a6035, CN, Web3
追风Lab, https://mirror.xyz/3344521.eth, https://submirror.xyz/3344521.eth, CN, Web3
小鱼没事爱玩币, https://mirror.xyz/0x23e9E002Ee2Ae2baA0C9d6959578Bcb77148BDcf, https://submirror.xyz/0x23e9E002Ee2Ae2baA0C9d6959578Bcb77148BDcf, CN, Web3
凡非凡, https://mirror.xyz/0x14ED92a5B346CdB3D1884E1C150C23305edd714f, https://submirror.xyz/0x14ED92a5B346CdB3D1884E1C150C23305edd714f, CN, Web3
REINetwork fans, https://mirror.xyz/0x00cFA9F2e149285f39ecA6F18E23A38F11104d06, https://submirror.xyz/0x00cFA9F2e149285f39ecA6F18E23A38F11104d06, CN, Web3
0xTaoist, https://mirror.xyz/cryptolich.eth, https://submirror.xyz/cryptolich.eth, CN, Web3
